id,speed
0,47.702984
1,46.940308
2,35.235966
3,28.128351
4,33.401585
5,29.108139
6,23.658525
7,48.057693
8,47.968456
9,34.221363
10,29.678152
11,25.461992
12,25.461992
13,24.77986
14,28.759003
15,39.803738
16,41.73967
17,41.73967
18,47.859272
19,47.847538
20,46.903618
21,45.209267
22,22.831247
23,27.824068
24,27.577179
25,24.388968
26,24.388968
27,23.861729
28,20.950987
29,19.559147
30,28.1427
31,41.472805
32,46.681328
33,33.29504
34,31.540855
35,31.301342
36,29.203993
37,29.203993
38,42.129536
39,40.053726
40,40.053726
41,48.20051
42,48.20051
43,45.430923
44,28.040665
45,27.034548
46,27.034548
47,21.189657
48,44.10511
49,46.708797
50,46.697063
51,20.58037
52,25.310608
53,23.099659
54,23.099659
55,22.065144
56,16.861704
57,15.544472
58,24.932703
59,38.648197
60,26.676762
61,28.336796
62,25.507627
63,25.507627
64,39.339806
65,47.92555
66,47.83483
67,46.892654
68,44.87699
69,32.203644
70,25.207447
71,25.002686
72,22.288189
73,22.288189
74,21.179214
75,16.252846
76,42.550396
77,41.13985
78,41.13985
79,47.474724
80,22.541822
81,22.561403
82,24.514072
83,20.284367
84,20.187208
85,18.822166
86,27.867504
87,39.01881
88,40.829304
89,38.718575
90,47.33365
91,47.24293
92,46.856613
93,46.308254
94,31.649902
95,23.513971
96,27.888746
97,18.943682
98,17.473045
99,27.044992
100,40.814125
101,47.687035
102,20.442816
103,20.936422
104,20.40919
105,41.991974
106,40.01207
107,47.815308
108,45.269653
109,23.077381
110,19.338144
111,17.946226
112,28.379854
113,39.23091
114,39.23091
115,47.26638
116,46.88153
117,36.0308
118,20.977705
119,19.550188
120,19.295233
121,16.34246
122,35.91602
123,46.220863
124,46.18445
125,37.22448
126,36.499977
127,33.282063
128,36.929504
129,39.591145
130,47.06556
131,46.547165
132,46.016823
133,22.552624
134,18.991362
135,17.811146
136,35.95389
137,40.127632
138,47.06556
139,46.547165
140,46.016823
141,43.96328
142,28.297165
143,18.046268
144,18.991362
145,17.811146
146,17.126118
147,47.001408
148,47.08353
149,46.978676
150,46.565136
151,18.831257
152,18.831257
153,17.626091
154,12.291853
155,21.46213
156,35.768833
157,39.942574
158,38.431576
159,38.431576
160,47.1021
161,47.184223
162,47.071514
163,46.657974
164,44.058304
165,28.218231
166,17.863722
167,18.803867
168,17.586372
169,17.586372
170,13.620957
171,12.252133
172,39.40555
173,47.080597
174,44.067387
175,28.227312
176,22.279333
177,18.749962
178,18.749962
179,12.218292
180,38.17681
181,47.381733
182,47.381733
183,47.00058
184,36.153183
185,19.337067
186,17.6921
187,37.798344
188,35.587166
189,46.269028
190,42.58979
191,37.21368
192,36.5255
193,35.94311
194,35.923206
195,35.381367
196,33.29118
197,36.624622
198,39.229576
199,47.123615
200,47.010906
201,28.333227
202,22.711767
203,18.991362
204,17.76979
205,17.76979
206,35.541847
207,38.204594
208,47.041492
209,47.123615
210,47.010906
211,46.07072
212,28.333227
213,18.046268
214,22.711767
215,22.54569
216,17.084763
217,21.291826
218,39.71559
219,47.028877
220,46.08869
221,44.019363
222,28.2063
223,17.980755
224,12.275448
225,21.13172
226,38.044483
227,47.10378
228,17.949993
229,22.616524
230,17.569967
231,16.884935
232,36.9381
233,47.082275
234,46.14209
235,17.952166
236,22.120632
237,18.749962
238,21.002611
239,37.821663
240,35.610477
241,35.610477
242,47.408043
243,47.494442
244,47.381733
245,47.381733
246,22.71507
247,21.035944
248,19.623962
249,19.36901
250,17.724045
251,25.595158
252,35.996555
253,35.61911
254,35.61911
255,46.229362
256,46.196644
257,44.793648
258,42.587864
259,36.5255
260,35.975056
261,35.95515
262,33.323124
263,37.617065
264,37.062115
265,37.062115
266,47.010906
267,44.02113
268,18.140862
269,18.991362
270,17.801735
271,17.801735
272,17.116707
273,13.8363285
274,38.236538
275,47.010906
276,47.010906
277,46.601063
278,28.333227
279,18.046268
280,18.140862
281,22.54569
282,18.991362
283,17.116707
284,13.8363285
285,12.4675045
286,47.059464
287,47.141586
288,17.886162
289,18.831257
290,16.956598
291,13.676217
292,12.307393
293,21.163664
294,39.587425
295,48.685123
296,47.660778
297,33.89349
298,23.1926
299,28.428091
300,24.996792
301,23.807465
302,27.416946
303,43.948555
304,42.55159
305,48.289455
306,48.19874
307,48.19874
308,45.33227
309,33.1658
310,24.03279
311,17.684355
312,41.772827
313,39.685257
314,39.685257
315,48.076374
316,45.209908
317,41.581993
318,39.49442
319,39.49442
320,48.399273
321,48.39068
322,47.467876
323,45.6011
324,25.319372
325,25.384611
326,29.941675
327,26.531551
328,25.332052
329,24.672623
330,20.904625
331,28.591064
332,39.61957
333,43.590004
334,42.207714
335,42.207714
336,48.20112
337,47.673805
338,22.106443
339,23.903284
340,23.903284
341,26.744873
342,43.625904
343,42.238518
344,47.58773
345,47.497013
346,47.119396
347,20.233923
348,38.71967
349,47.040455
350,46.949738
351,46.567646
352,32.00385
353,23.303535
354,27.478062
355,23.161005
356,22.501577
357,26.758085
358,37.84491
359,41.831234
360,40.42579
361,47.688675
362,20.439863
363,25.156803
364,20.857237
365,20.329998
366,17.329569
367,25.28813
368,41.8233
369,46.796932
370,46.740524
371,46.65317
372,46.396217
373,25.48225
374,25.48225
375,21.157713
376,30.238136
377,38.73099
378,38.73099
379,47.55992
380,20.619835
381,20.52359
382,16.084106
383,40.993664
384,47.781437
385,47.28441
386,46.753773
387,20.532122
388,20.597359
389,20.883371
390,20.883371
391,41.106247
392,47.34059
393,47.537483
394,47.138603
395,27.449299
396,27.46888
397,28.933588
398,28.747946
399,25.733786
400,23.519585
401,39.97712
402,39.530865
403,46.95947
404,45.992855
405,43.939312
406,28.273193
407,18.11689
408,18.96739
409,17.787174
410,17.102146
411,12.452944
412,40.103664
413,38.60224
414,38.60224
415,46.97744
416,46.95471
417,46.54117
418,46.010826
419,28.146267
420,16.917088
421,12.267882
422,39.918606
423,38.417183
424,47.04728
425,47.129402
426,44.007385
427,22.736988
428,18.805422
429,35.37532
430,37.336323
431,47.20945
432,46.8397
433,44.304146
434,27.550522
435,31.71963
436,28.101177
437,26.067373
438,47.654198
439,47.557987
440,47.557987
441,34.552788
442,30.607761
443,29.18042
444,26.295784
445,34.059753
446,36.444572
447,36.444572
448,45.88369
449,44.72568
450,42.484024
451,38.837864
452,38.67917
453,36.42097
454,35.85499
455,35.835083
456,35.293243
457,36.783825
458,47.081825
459,47.096317
460,34.375584
461,28.21463
462,28.21463
463,27.034582
464,29.464783
465,36.401707
466,46.892406
467,46.892406
468,45.95222
469,43.90263
470,17.927769
471,18.022362
472,18.872862
473,16.966263
474,13.685882
475,21.10665
476,46.500534
477,43.900864
478,22.545137
479,18.712757
480,17.491186
481,16.806154
482,20.946543
483,46.98528
484,46.54485
485,46.014507
486,28.103237
487,22.776077
488,18.685368
489,13.486051
490,12.117227
491,36.74322
492,36.74322
493,46.99436
494,46.963776
495,46.553932
496,17.833666
497,22.27281
498,34.27758
499,47.31156
500,47.303295
501,47.303295
502,46.922146
503,46.403034
504,22.636635
505,24.462976
506,20.957506
507,20.957506
508,19.51358
509,35.800224
510,46.00786
511,46.00786
512,45.730152
513,44.572144
514,36.997868
515,37.03419
516,38.726585
517,36.309696
518,46.914425
519,45.97424
520,18.044378
521,22.561184
522,17.705254
523,17.020222
524,12.371018
525,39.5651
526,46.94501
527,47.027134
528,46.50458
529,28.236744
530,18.044378
531,18.89488
532,17.705254
533,13.739842
534,12.371018
535,45.99221
536,28.109818
537,17.884272
538,17.545145
539,17.545145
540,13.579731
541,12.210907
542,39.40499
543,37.90357
544,48.576508
545,45.71004
546,22.919933
547,24.818722
548,24.818722
549,23.608154
550,19.81788
551,39.604137
552,42.27273
553,48.798714
554,48.794395
555,46.46482
556,35.41164
557,25.339897
558,28.096447
559,28.037851
560,24.64196
561,24.64196
562,23.211918
563,22.959862
564,21.487099
565,20.278694
566,42.36125
567,40.273674
568,40.273674
569,48.15904
570,47.781425
571,28.86287
572,39.88676
573,48.685173
574,48.594456
575,48.594456
576,47.660835
577,22.312872
578,22.395306
579,26.928482
580,39.694195
581,42.402855
582,48.656143
583,48.738266
584,22.316694
585,22.38193
586,27.379303
587,27.28333
588,24.117924
589,22.901775
590,22.901775
591,22.374537
592,41.420837
593,46.466003
594,46.65999
595,46.2626
596,44.747833
597,31.498232
598,27.924202
599,24.393602
600,21.24222
601,47.536427
602,47.13011
603,44.716015
604,20.59129
605,22.215302
606,38.213806
607,40.915207
608,47.57345
609,47.65557
610,47.564854
611,47.158543
612,44.740013
613,20.650352
614,24.920565
615,22.206984
616,21.036316
617,21.036316
618,17.524435
619,25.470348
620,39.03445
621,47.76285
622,47.672134
623,47.265823
624,44.780445
625,31.779688
626,22.375208
627,21.204212
628,21.204212
629,16.374418
630,25.5342
631,47.538895
632,46.601948
633,44.64544
634,31.624868
635,20.639456
636,21.049397
637,47.7437
638,47.7437
639,46.846664
640,23.184559
641,22.263365
642,20.889452
643,20.792294
644,18.18616
645,41.218136
646,39.107407
647,48.2855
648,48.37053
649,47.8735
650,45.399075
651,21.893503
652,21.893503
653,17.063707
654,26.219864
655,47.050316
656,47.13244
657,47.027584
658,46.614037
659,46.083702
660,44.058266
661,17.901049
662,22.351803
663,18.728994
664,18.728994
665,17.544142
666,17.014008
667,12.778558
668,41.04091
669,39.66105
670,39.66105
671,46.632008
672,44.074467
673,22.251421
674,18.728994
675,36.836674
676,47.180977
677,47.076122
678,46.13224
679,17.846144
680,22.517902
681,18.742699
682,17.55094
683,17.020805
684,40.550396
685,47.09828
686,47.07555
687,46.662003
688,44.10446
689,28.2832
690,17.910812
691,22.016312
692,18.686052
693,17.495047
694,47.65008
695,47.545227
696,36.384483
697,22.864458
698,24.442438
699,21.182362
700,19.791704
701,18.239359
702,37.6527
703,46.60289
704,46.886692
705,46.85028
706,46.605286
707,45.472015
708,37.945568
709,39.30431
710,39.21129
711,37.198498
712,37.198498
713,36.649483
714,33.097996
715,39.69649
716,39.28236
717,39.28236
718,46.66256
719,28.2839
720,17.544142
721,13.926295
722,12.778558
723,41.32116
724,39.9413
725,46.667934
726,46.1376
727,28.287405
728,18.728994
729,17.544142
730,13.926295
731,39.9413
732,47.095757
733,47.095757
734,44.132317
735,17.835812
736,18.728994
737,17.544142
738,17.014008
739,12.778558
740,37.11693
741,41.32116
742,47.15691
743,47.239033
744,47.126324
745,28.31983
746,17.91138
747,22.611351
748,22.51097
749,18.742699
750,17.55094
751,17.020805
752,38.88142
753,47.245373
754,47.132664
755,46.722813
756,46.19248
757,17.910812
758,18.686052
759,17.495047
760,16.964912
761,12.748773
762,22.526173
763,39.599163
764,37.51911
765,37.51911
766,47.740486
767,47.627777
768,36.452892
769,21.207798
770,19.717081
771,17.178076
772,27.365612
773,46.983673
774,47.270203
775,47.237488
776,46.992493
777,45.859222
778,37.63381
779,42.08383
780,47.123566
781,47.20569
782,46.68313
783,17.85101
784,17.916246
785,18.744192
786,17.576963
787,17.576963
788,12.811379
789,22.676271
790,47.123566
791,47.20569
792,47.09298
793,47.09298
794,22.354515
795,22.254133
796,18.744192
797,12.811379
798,22.676271
799,46.170765
800,28.302603
801,17.85101
802,18.744192
803,17.576963
804,17.04683
805,13.959117
806,37.14975
807,41.35398
808,47.172104
809,47.141518
810,46.731667
811,46.201332
812,28.335028
813,17.861341
814,22.626549
815,22.526167
816,18.757896
817,40.86347
818,38.91424
819,48.022995
820,47.09364
821,28.428219
822,32.559452
823,28.870047
824,27.696821
825,27.696821
826,48.91913
827,48.534813
828,33.999428
829,30.611036
830,30.611036
831,26.969574
832,39.768215
833,39.38705
834,48.78928
835,48.698563
836,34.01908
837,23.352798
838,44.21944
839,42.30563
840,48.240303
841,48.183895
842,48.096542
843,31.814573
844,27.945932
845,25.469114
846,32.76782
847,41.13215
848,47.473362
849,47.667347
850,47.61094
851,28.0745
852,29.650337
853,27.120949
854,26.624506
855,26.6046
856,24.495258
857,40.460674
858,40.460674
859,48.587994
860,48.181686
861,47.654373
862,22.308739
863,27.105368
864,24.135107
865,22.980038
866,27.402725
867,44.36258
868,43.02771
869,48.269516
870,47.24518
871,21.711449
872,22.282564
873,18.855642
874,42.487038
875,40.45198
876,47.560654
877,47.469936
878,46.536312
879,22.061535
880,17.37879
881,16.208855
882,25.512205
883,42.542812
884,41.18478
885,47.506977
886,47.5891
887,47.498383
888,47.092068
889,46.56476
890,32.02521
891,20.58435
892,20.52526
893,17.524834
894,41.202465
895,47.61207
896,23.011108
897,24.752337
898,20.79379
899,20.696632
900,39.31674
901,47.581226
902,47.49051
903,31.538752
904,20.508516
905,20.573753
906,25.087713
907,22.154688
908,21.030931
909,17.503263
910,38.405323
911,41.15924
912,47.51794
913,47.11163
914,46.580994
915,25.461973
916,25.360132
917,21.03773
918,21.03773
919,17.510061
920,46.707848
921,46.707848
922,46.620495
923,26.748379
924,28.291435
925,28.19697
926,25.169083
927,25.149178
928,22.954882
929,21.533478
930,30.598185
931,39.541763
932,41.19447
933,48.006023
934,21.108713
935,21.17395
936,21.628063
937,21.100824
938,18.100397
939,26.143673
940,43.110764
941,47.05385
942,47.031116
943,46.61757
944,46.087234
945,28.238768
946,17.801144
947,21.97188
948,21.878874
949,17.503159
950,37.52723
951,47.526527
952,47.612926
953,45.071087
954,36.34733
955,22.846884
956,24.405283
957,19.807093
958,37.948345
959,37.721886
960,47.009155
961,47.329292
962,47.236473
963,45.854256
964,38.33542
965,38.355
966,39.71375
967,39.620728
968,37.60793
969,37.60793
970,33.55998
971,40.0246
972,46.99043
973,17.798656
974,17.863894
975,22.302162
976,18.69184
977,17.55953
978,17.029396
979,13.941685
980,12.793947
981,22.658838
982,39.956696
983,47.01316
984,47.095284
985,46.57688
986,22.302162
987,17.55953
988,17.029396
989,12.793947
990,37.132324
991,41.336555
992,47.169632
993,47.056923
994,46.643375
995,46.11304
996,28.246744
997,17.798656
998,17.863894
999,22.20178
1000,18.69184
1001,17.55953
1002,17.55953
1003,13.941685
1004,22.658838
1005,39.956696
1006,47.08749
1007,46.14361
1008,44.120354
1009,28.27917
1010,17.874226
1011,18.705544
1012,13.9484825
1013,12.800745
1014,38.896816
1015,47.126095
1016,46.685658
1017,28.289015
1018,17.873657
1019,21.979156
1020,17.510435
1021,17.510435
1022,12.764162
1023,36.27639
1024,39.61456
1025,37.534508
1026,47.616932
1027,22.85274
1028,21.170643
1029,19.832525
1030,19.832525
1031,19.73247
1032,18.280184
1033,37.97378
1034,39.827366
1035,47.003483
1036,47.295525
1037,47.295525
1038,43.722763
1039,38.355
1040,37.60793
1041,37.111473
1042,36.72453
1043,33.55998
1044,40.43873
1045,42.092876
1046,40.0246
1047,47.071217
1048,47.04063
1049,46.63078
1050,28.25025
1051,22.20178
1052,18.69184
1053,12.793947
1054,39.956696
1055,47.15334
1056,47.04063
1057,46.100445
1058,44.07896
1059,17.798656
1060,22.302162
1061,18.69184
1062,12.793947
1063,37.132324
1064,41.336555
1065,39.956696
1066,47.17131
1067,47.0586
1068,47.0586
1069,46.64875
1070,46.118416
1071,44.09516
1072,17.798656
1073,17.55953
1074,17.029396
1075,22.658838
1076,37.132324
1077,47.119755
1078,44.12573
1079,17.808989
1080,17.874226
1081,17.566328
1082,17.036194
1083,13.9484825
1084,40.846043
1085,38.896816
1086,38.896816
1087,46.685658
1088,18.648897
1089,13.90837
1090,37.534508
1091,37.534508
1092,47.590622
1093,47.209473
1094,45.161285
1095,36.415737
1096,22.85274
1097,22.87232
1098,19.832525
1099,19.73247
1100,18.280184
1101,27.381
1102,37.95704
1103,39.810623
1104,37.73058
1105,37.73058
1106,47.30491
1107,46.97079
1108,43.704094
1109,37.591187
1110,37.114635
1111,37.09473
1112,33.543236
1113,39.356354
1114,40.421986
1115,47.069702
1116,47.039116
1117,46.09893
1118,22.185041
1119,22.6421
1120,37.11558
1121,39.939953
1122,39.939953
1123,48.296806
1124,45.46989
1125,24.06846
1126,22.888756
1127,22.20662
1128,26.995502
1129,39.227566
1130,40.38659
1131,47.852318
1132,46.9101
1133,45.018578
1134,33.01639
1135,22.33134
1136,23.83261
1137,22.664482
1138,21.982346
1139,17.464306
1140,43.461586
1141,42.10886
1142,47.695934
1143,47.778057
1144,47.28103
1145,32.571766
1146,21.633213
1147,21.633213
1148,46.908855
1149,45.061893
1150,24.539196
1151,29.514471
1152,29.269053
1153,25.451826
1154,25.451826
1155,19.889685
1156,18.55176
1157,28.100792
1158,38.994247
1159,40.927757
1160,47.56445
1161,47.473732
1162,47.473732
1163,46.580025
1164,23.127308
1165,22.058764
1166,20.730522
1167,20.633362
1168,47.371246
1169,47.36265
1170,44.537506
1171,21.745333
1172,15.735207
1173,42.31833
1174,40.94244
1175,47.061108
1176,46.5338
1177,31.989141
1178,20.46407
1179,20.529305
1180,20.837458
1181,20.310225
1182,15.947491
1183,41.99189
1184,40.046642
1185,46.217648
1186,46.130295
1187,45.876667
1188,30.975187
1189,24.913807
1190,24.452278
1191,24.432377
1192,38.654354
1193,40.31748
1194,47.42948
1195,47.02317
1196,46.492535
1197,44.529495
1198,31.46429
1199,40.95013
1200,47.42632
1201,47.3356
1202,44.435608
1203,20.389332
1204,24.544653
1205,21.763962
1206,21.763962
1207,17.11952
1208,25.196371
1209,38.908466
1210,46.626785
1211,44.665516
1212,22.094362
1213,22.094362
1214,20.970604
1215,20.443367
1216,47.594
1217,47.594
1218,46.658894
1219,31.774313
1220,25.255335
1221,22.170074
1222,22.170074
1223,21.043253
1224,20.516016
1225,17.510057
1226,16.0211
1227,38.451233
1228,41.204193
1229,41.204193
1230,47.99755
1231,47.941906
1232,37.568497
1233,37.568497
1234,37.07204
1235,47.011646
1236,17.781918
1237,18.6751
1238,17.542791
1239,13.924947
1240,22.6421
1241,41.319813
1242,39.939953
1243,39.939953
1244,47.09377
1245,46.575367
1246,17.847155
1247,22.292356
1248,22.191975
1249,13.924947
1250,41.319813
1251,47.11174
1252,47.006886
1253,46.593338
1254,22.285423
1255,17.542791
1256,17.542791
1257,39.939953
1258,47.060184
1259,46.623905
1260,46.09357
1261,44.059834
1262,28.229874
1263,22.557457
1264,18.688805
1265,18.688805
1266,17.54959
1267,17.54959
1268,22.62767
1269,47.122902
1270,47.092316
1271,47.092316
1272,44.11865
1273,17.791681
1274,17.856918
1275,18.632158
1276,17.493696
1277,13.891632
1278,22.524822
1279,36.259647
1280,39.597816
1281,37.517765
1282,47.61374
1283,46.68347
1284,45.147865
1285,22.855581
1286,24.506983
1287,21.153904
1288,21.153904
1289,17.164066
1290,37.73058
1291,47.335007
1292,47.00089
1293,38.303265
1294,37.575775
1295,37.099224
1296,34.794857
1297,33.515167
1298,40.406574
1299,47.069702
1300,46.09893
1301,44.070915
1302,22.185041
1303,13.924947
1304,22.6421
1305,47.912224
1306,47.934956
1307,47.54933
1308,47.0056
1309,35.181927
1310,28.298725
1311,32.611557
1312,28.850603
1313,27.71845
1314,21.937809
1315,31.46152
1316,38.49826
1317,41.167946
1318,41.167946
1319,47.087673
1320,46.647236
1321,44.087116
1322,17.847155
1323,17.542791
1324,17.542791
1325,22.6421
1326,47.087654
1327,22.557457
1328,18.688805
1329,17.54959
1330,17.54959
1331,13.931745
1332,22.62767
1333,36.767033
1334,38.880074
1335,47.12458
1336,46.15381
1337,44.124023
1338,17.856918
1339,18.632158
1340,17.493696
1341,16.963562
1342,47.701817
1343,46.688847
1344,36.398994
1345,22.836
1346,24.506983
1347,19.71573
1348,18.263445
1349,37.95704
1350,39.810623
1351,39.681595
1352,39.588573
1353,37.07932
1354,36.692375
1355,33.515167
1356,39.340942
1357,42.060722
1358,47.069702
1359,28.233511
1360,22.285423
1361,22.185041
1362,18.6751
1363,17.542791
1364,17.012657
1365,13.924947
1366,12.764551
1367,37.11558
1368,47.069702
1369,28.233511
1370,22.285423
1371,17.542791
1372,12.764551
1373,39.939953
1374,47.087673
1375,47.057087
1376,47.057087
1377,28.233511
1378,18.6751
1379,39.939953
1380,39.939953
1381,46.677803
1382,18.688805
1383,13.931745
1384,36.767033
1385,40.8293
1386,38.880074
1387,48.936928
1388,48.936928
1389,46.59656
1390,25.436792
1391,25.473116
1392,27.94794
1393,23.0671
1394,23.0671
1395,21.336746
1396,42.89328
1397,48.44386
1398,48.35314
1399,47.946827
1400,24.370941
1401,23.202814
1402,48.174355
1403,47.24073
1404,45.349205
1405,33.058178
1406,21.842897
1407,26.486338
1408,22.149137
1409,21.6219
1410,26.706268
1411,39.634323
1412,47.518803
1413,47.51021
1414,16.428373
1415,25.741016
1416,38.29201
1417,46.559708
1418,46.472355
1419,46.218727
1420,26.708357
1421,28.266052
1422,28.173046
1423,25.554966
1424,24.684326
1425,22.953495
1426,21.501312
1427,30.334595
1428,38.914886
1429,47.342503
1430,47.342503
1431,46.936188
1432,46.40888
1433,44.515587
1434,24.874815
1435,21.720268
1436,21.720268
1437,20.600111
1438,17.06692
1439,25.180016
1440,38.075058
1441,42.293262
1442,47.358597
1443,46.94369
1444,44.521294
1445,31.858068
1446,20.143219
1447,41.02379
1448,46.64272
1449,44.74674
1450,32.102074
1451,20.609627
1452,20.674866
1453,20.983677
1454,16.015743
1455,41.142982
1456,41.142982
1457,47.543224
1458,47.046196
1459,44.55252
1460,25.351963
1461,21.93172
1462,17.270737
1463,39.99568
1464,47.414692
1465,47.50109
1466,47.410374
1467,45.031555
1468,33.283142
1469,22.82316
1470,20.401272
1471,20.401272
1472,47.42507
1473,47.01876
1474,20.434057
1475,21.920893
1476,20.797134
1477,15.774981
1478,38.205116
1479,40.958076
1480,47.617027
1481,47.210716
1482,46.68192
1483,31.800743
1484,25.601149
1485,25.499306
1486,22.180902
1487,21.05005
1488,17.516855
1489,16.027897
1490,25.583828
1491,38.208115
1492,46.837776
1493,46.42423
1494,45.893894
1495,43.860157
1496,18.194862
1497,17.064846
1498,16.534712
1499,12.17778
1500,22.097359
1501,36.516735
1502,40.7803
1503,46.865467
1504,45.921585
1505,43.887848
1506,17.238895
1507,17.374092
1508,18.20569
1509,17.071644
1510,16.54151
1511,13.368848
1512,12.184578
1513,36.168186
1514,40.289787
1515,38.317406
1516,43.927834
1517,21.397333
1518,12.188548
1519,35.736416
1520,37.03071
1521,46.48394
1522,44.94438
1523,22.362263
1524,23.980968
1525,20.750406
1526,19.417461
1527,17.780157
1528,37.489994
1529,37.283813
1530,46.533897
1531,46.797626
1532,35.838474
1533,33.856007
1534,38.49113
1535,39.500916
1536,41.244423
1537,47.893333
1538,47.787457
1539,47.787457
1540,47.398136
1541,44.907856
1542,27.757505
1543,28.379623
1544,28.379623
1545,27.249763
1546,26.587439
1547,37.87998
1548,46.884678
1549,46.9668
1550,46.85409
1551,43.882195
1552,27.735628
1553,21.681553
1554,18.154812
1555,17.024796
1556,12.137729
1557,22.06803
1558,36.488903
1559,46.916553
1560,46.998676
1561,46.476116
1562,45.94578
1563,17.208673
1564,21.773865
1565,13.318338
1566,12.1340685
1567,22.06437
1568,40.74881
1569,46.91366
1570,22.043022
1571,21.94705
1572,18.16198
1573,16.497799
1574,12.140866
1575,22.04994
1576,40.258297
1577,38.285915
1578,46.991142
1579,46.960556
1580,46.02037
1581,43.990585
1582,27.811913
1583,21.463163
1584,17.01259
1585,12.144836
1586,35.713654
1587,39.111153
1588,37.007946
1589,37.007946
1590,47.494747
1591,47.087288
1592,46.568176
1593,35.982056
1594,22.364933
1595,23.983635
1596,19.399183
1597,26.94551
1598,37.49267
1599,37.286488
1600,46.741734
1601,46.68437
1602,46.40666
1603,45.266857
1604,37.296623
1605,36.61843
1606,36.14705
1607,36.127144
1608,39.075665
1609,46.906128
1610,46.98825
1611,46.87554
1612,45.935356
1613,17.369734
1614,17.046999
1615,17.046999
1616,16.516865
1617,36.5111
1618,39.37165
1619,46.906128
1620,46.98825
1621,46.87554
1622,46.87554
1623,45.935356
1624,43.90734
1625,27.743021
1626,17.351418
1627,21.781412
1628,21.68544
1629,17.028683
1630,12.141615
1631,46.92044
1632,47.002563
1633,46.889854
1634,46.889854
1635,45.94967
1636,43.919884
1637,17.347757
1638,21.777752
1639,21.68178
1640,18.155039
1641,12.137955
1642,22.068256
1643,36.489132
1644,39.34968
1645,46.917545
1646,46.917545
1647,45.97736
1648,22.04691
1649,18.165867
1650,18.165867
1651,17.03182
1652,12.1447525
1653,22.053827
1654,36.140583
1655,38.289803
1656,46.937664
1657,43.937107
1658,17.337831
1659,21.409687
1660,21.32109
1661,18.092407
1662,16.959114
1663,16.959114
1664,16.428974
1665,36.954468
1666,44.975204
1667,35.92469
1668,22.30757
1669,22.39711
1670,24.014868
1671,19.241764
1672,39.33232
1673,37.229122
1674,37.229122
1675,48.52365
1676,48.573875
1677,48.32025
1678,31.769947
1679,32.719776
1680,41.50474
1681,48.786358
1682,48.86848
1683,48.37145
1684,33.944935
1685,23.289385
1686,28.470009
1687,24.790653
1688,24.790653
1689,23.622526
1690,19.826715
1691,27.673008
1692,44.396984
1693,43.044254
1694,48.068134
1695,47.134514
1696,45.241222
1697,21.661655
1698,23.134634
1699,22.012188
1700,42.26103
1701,46.513035
1702,33.61299
1703,23.055449
1704,23.07503
1705,21.965961
1706,20.54056
1707,17.995733
1708,28.235666
1709,39.16892
1710,39.16892
1711,47.609615
1712,47.5189
1713,44.69376
1714,25.605701
1715,22.556736
1716,21.43429
1717,17.986055
1718,43.035877
1719,41.683144
1720,47.307457
1721,46.89255
1722,44.471954
1723,31.611736
1724,25.02093
1725,24.924957
1726,37.723312
1727,41.79954
1728,47.018112
1729,33.457127
1730,24.430483
1731,21.69835
1732,39.175404
1733,47.468838
1734,46.971806
1735,46.444496
1736,31.870522
1737,20.443316
1738,24.87814
1739,20.73118
1740,20.203947
1741,17.197989
1742,15.763261
1743,38.120667
1744,42.249508
1745,40.873623
1746,20.3104
1747,21.664087
1748,25.047638
1749,37.61054
1750,38.797245
1751,46.06933
1752,46.263313
1753,26.050982
1754,27.470285
1755,24.869558
1756,24.404427
1757,38.610107
1758,47.371925
1759,47.36333
1760,47.36333
1761,46.957016
1762,44.46334
1763,20.423103
1764,20.699999
1765,20.172762
1766,25.168457
1767,47.419334
1768,47.328617
1769,46.39351
1770,24.625462
1771,21.77751
1772,17.130001
1773,47.09359
1774,46.988735
1775,46.988735
1776,46.575188
1777,46.044853
1778,17.556255
1779,18.376068
1780,18.376068
1781,17.242775
1782,22.19813
1783,35.889095
1784,39.197235
1785,47.599644
1786,36.362682
1787,24.438807
1788,21.098703
1789,21.098703
1790,19.765759
1791,19.665703
1792,18.128454
1793,17.005207
1794,37.80452
1795,39.61218
1796,37.50898
1797,46.66035
1798,46.92408
1799,46.88767
1800,45.497124
1801,43.23858
1802,37.758293
1803,37.010136
1804,36.131905
1805,34.149437
1806,32.845867
1807,38.73182
1808,39.751827
1809,47.042255
1810,47.12438
1811,47.019524
1812,46.605976
1813,44.041878
1814,17.649044
1815,18.521563
1816,17.391546
1817,13.688741
1818,22.371307
1819,39.563374
1820,39.563374
1821,46.950924
1822,46.007042
1823,17.556644
1824,17.621881
1825,22.051876
1826,18.429163
1827,16.769012
1828,22.278908
1829,40.874
1830,39.470985
1831,47.126747
1832,46.60049
1833,44.038574
1834,28.066992
1835,17.621881
1836,22.051876
1837,21.955904
1838,18.429163
1839,17.299147
1840,17.299147
1841,36.699795
1842,39.470985
1843,44.066265
1844,22.225061
1845,18.439991
1846,18.439991
1847,12.418877
1848,38.411106
1849,47.073315
1850,46.663464
1851,44.101547
1852,21.70831
1853,21.619713
1854,18.39103
1855,17.257736
1856,16.727602
1857,35.89533
1858,37.10026
1859,47.683926
1860,45.24626
1861,22.854166
1862,24.471924
1863,21.131824
1864,19.798876
1865,46.954403
1866,46.921688
1867,45.535095
1868,43.274685
1869,37.765976
1870,36.52653
1871,36.139587
1872,38.739502
1873,39.322227
1874,47.20651
1875,47.08772
1876,46.677868
1877,44.11772
1878,22.047398
1879,17.39064
1880,12.503562
1881,47.049706
1882,47.13183
1883,47.01912
1884,46.60927
1885,17.620975
1886,21.954998
1887,18.428257
1888,17.29824
1889,16.768106
1890,47.03709
1891,17.620975
1892,22.05097
1893,21.954998
1894,17.29824
1895,12.41117
1896,47.095367
1897,47.17749
1898,18.439085
1899,17.305038
1900,12.417968
1901,22.236439
1902,36.323204
1903,47.18383
1904,44.099354
1905,17.627863
1906,18.382439
1907,17.249146
1908,16.719011
1909,13.562125
1910,22.177366
1911,47.677845
1912,46.777584
1913,22.822107
1914,22.841688
1915,24.459446
1916,19.786398
1917,17.025846
1918,27.242119
1919,37.7893
1920,39.59696
1921,46.89316
1922,37.760437
1923,39.01651
1924,37.01228
1925,34.15158
1926,38.706837
1927,39.726845
1928,39.289562
1929,47.118305
1930,28.161991
1931,17.648138
1932,18.520657
1933,17.39064
1934,17.39064
1935,16.860506
1936,40.938347
1937,39.53533
1938,39.53533
1939,47.01912
1940,46.078934
1941,44.04912
1942,28.069592
1943,17.555738
1944,22.05097
1945,21.954998
1946,17.29824
1947,22.250868
1948,40.84596
1949,39.442944
1950,47.676888
1951,46.652546
1952,44.761024
1953,32.53616
1954,21.470781
1955,22.929617
1956,21.079346
1957,17.965675
1958,16.565792
1959,41.385654
1960,47.855637
1961,47.93776
1962,47.847042
1963,47.847042
1964,45.02013
1965,27.121727
1966,21.302444
1967,42.57918
1968,40.657085
1969,47.74854
1970,44.83091
1971,20.906096
1972,22.295273
1973,22.295273
1974,21.16592
1975,16.401936
1976,25.593105
1977,40.411476
1978,46.29134
1979,46.234932
1980,46.234932
1981,44.372665
1982,31.266302
1983,26.398691
1984,27.86445
1985,25.257555
1986,25.257555
1987,24.790857
1988,38.493587
1989,47.62467
1990,47.70679
1991,47.209763
1992,46.682453
1993,20.819595
1994,20.88483
1995,25.322618
1996,22.27064
1997,22.27064
1998,47.440533
1999,31.76693
2000,21.696945
2001,21.696945
2002,20.573515
2003,17.056108
2004,25.030064
2005,40.973846
2006,38.897774
2007,46.226276
2008,26.054632
2009,26.074213
2010,27.398151
2011,24.452248
2012,20.760954
2013,20.430838
2014,24.85889
2015,21.816925
2016,20.696768
2017,17.163576
2018,38.00172
2019,40.754677
2020,40.754677
2021,47.39217
2022,47.38785
2023,47.010235
2024,24.39593
2025,21.65319
2026,21.65319
2027,20.229353
2028,18.858774
2029,40.796566
2030,38.720497
2031,38.720497
2032,47.097797
2033,44.605885
2034,25.025263
2035,21.981987
2036,20.858229
2037,20.858229
2038,15.840563
2039,47.484108
2040,47.39339
2041,47.39339
2042,20.365957
2043,25.120953
2044,21.819345
2045,20.691557
2046,37.75945
2047,41.74632
2048,39.80107
2049,22.860962
2050,20.399187
2051,27.884712
2052,40.87719
2053,47.010998
2054,46.59745
2055,44.032227
2056,17.693253
2057,22.033892
2058,18.500534
2059,17.370518
2060,17.370518
2061,13.667707
2062,12.405486
2063,46.942398
2064,46.942398
2065,45.998516
2066,17.600853
2067,21.941492
2068,17.278118
2069,16.747984
2070,12.313094
2071,36.643864
2072,39.415054
2073,39.415054
2074,47.065224
2075,28.013407
2076,17.535616
2077,18.408134
2078,17.278118
2079,17.278118
2080,22.214254
2081,36.635136
2082,47.01079
2083,46.044178
2084,44.00752
2085,17.543072
2086,22.300005
2087,18.418962
2088,17.284916
2089,40.31883
2090,38.346447
2091,47.01022
2092,46.987488
2093,46.987488
2094,44.006947
2095,17.60774
2096,21.58513
2097,18.362316
2098,17.229023
2099,16.698889
2100,13.542001
2101,37.031685
2102,47.65968
2103,47.74608
2104,46.72941
2105,45.19088
2106,22.789083
2107,22.808664
2108,24.426426
2109,24.33196
2110,21.086323
2111,19.653322
2112,18.116074
2113,37.44801
2114,46.65531
2115,46.99552
2116,46.657707
2117,43.209454
2118,37.744198
2119,36.99604
2120,36.52466
2121,36.504753
2122,38.67787
2123,39.69788
2124,41.352028
2125,39.260597
2126,47.10429
2127,47.186413
2128,46.663853
2129,46.13352
2130,44.10258
2131,17.693253
2132,22.123247
2133,18.500534
2134,17.370518
2135,17.370518
2136,16.840384
2137,12.405486
2138,47.005104
2139,47.005104
2140,18.408134
2141,17.278118
2142,39.406326
2143,47.135784
2144,47.023075
2145,44.050182
2146,17.535616
2147,21.929007
2148,18.408134
2149,17.278118
2150,22.214254
2151,39.406326
2152,39.406326
2153,47.167362
2154,47.054653
2155,46.114468
2156,17.546959
2157,17.612196
2158,22.202051
2159,17.288803
2160,16.758669
2161,12.323778
2162,36.290474
2163,38.350334
2164,46.120808
2165,28.089245
2166,17.54639
2167,17.611628
2168,21.683483
2169,21.589018
2170,18.366203
2171,17.23291
2172,16.702776
2173,12.287195
2174,39.13878
2175,37.035572
2176,37.035572
2177,47.694027
2178,47.667717
2179,47.667717
2180,21.103111
2181,21.103111
2182,19.770163
2183,18.132862
2184,16.931665
2185,27.213158
2186,39.567993
2187,37.464794
2188,46.926
2189,46.86959
2190,46.86959
2191,46.836876
2192,46.59188
2193,45.451416
2194,43.203068
2195,37.744198
2196,37.76378
2197,38.994404
2198,36.99604
2199,36.52466
2200,36.504753
2201,39.260597
2202,47.1903
2203,46.66774
2204,46.137405
2205,17.631903
2206,17.374405
2207,12.409372
2208,39.507984
2209,39.507984
2210,46.068806
2211,44.03787
2212,21.932894
2213,18.412022
2214,18.412022
2215,17.282005
2216,12.31698
2217,22.218142
2218,40.81323
2219,47.026962
2220,47.026962
2221,46.61711
2222,46.086777
2223,44.05407
2224,17.539503
2225,17.60474
2226,18.412022
2227,18.412022
2228,13.579202
2229,12.31698
2230,22.218142
2231,40.81323
2232,47.08524
2233,47.167362
2234,47.054653
2235,46.644802
2236,44.08176
2237,17.546959
2238,17.612196
2239,22.202051
2240,13.5859995
2241,22.203712
2242,36.290474
2243,47.09158
2244,47.173702
2245,47.060993
2246,47.060993
2247,46.651142
2248,44.0881
2249,28.089245
2250,17.54639
2251,21.683483
2252,21.589018
2253,18.366203
2254,17.23291
2255,16.702776
2256,12.287195
2257,22.148405
2258,37.035572
2259,37.035572
2260,47.78899
2261,47.78899
2262,46.855366
2263,21.579004
2264,21.60102
2265,17.63137
2266,41.233463
2267,47.70683
2268,44.784225
2269,26.437553
2270,22.524628
2271,21.335047
2272,20.645754
2273,17.381182
2274,25.16624
2275,37.710823
2276,41.01851
2277,38.965595
2278,47.416996
2279,47.4084
2280,47.4084
2281,47.00209
2282,31.68908
2283,24.849585
2284,21.636372
2285,20.497892
2286,20.497892
2287,19.9635
2288,15.631863
2289,38.701492
2290,46.50204
2291,31.71786
2292,20.639187
2293,20.704426
2294,21.736834
2295,20.604511
2296,20.070118
2297,42.17231
2298,40.819576
2299,47.711708
2300,47.62099
2301,25.423
2302,21.917238
2303,20.784916
2304,20.784916
2305,17.162834
2306,15.886919
2307,40.999985
2308,40.999985
2309,46.86158
2310,46.770863
2311,46.770863
2312,46.39324
2313,44.425503
2314,32.46576
2315,47.506893
2316,47.4983
2317,46.564674
2318,31.664228
2319,20.58854
2320,25.118435
2321,25.022463
2322,21.621225
2323,16.784164
2324,24.786995
2325,40.57208
2326,47.399982
2327,47.399982
2328,46.993668
2329,46.46636
2330,44.563625
2331,31.53296
2332,20.373055
2333,25.229889
2334,21.474352
2335,19.805899
2336,15.255515
2337,37.307007
2338,39.394
2339,39.394
2340,45.729126
2341,25.659021
2342,26.977093
2343,24.632433
2344,24.137524
2345,37.207657
2346,47.374043
2347,47.456165
2348,20.358501
2349,24.953636
2350,21.455116
2351,19.787092
2352,24.612333
2353,40.39874
2354,47.281822
2355,47.363945
2356,47.273228
2357,44.36826
2358,20.311037
2359,24.375843
2360,21.289705
2361,20.152794
2362,20.152794
2363,16.461536
2364,15.033098
2365,37.034054
2366,45.64957
2367,45.790054
2368,45.7027
2369,43.88843
2370,30.35639
2371,24.092575
2372,37.517296
2373,37.107147
2374,46.98096
2375,46.567413
2376,17.535975
2377,22.305393
2378,18.410555
2379,17.272905
2380,12.25365
2381,36.224705
2382,38.284565
2383,47.00312
2384,46.56684
2385,43.931232
2386,17.535406
2387,21.578033
2388,22.072609
2389,35.76487
2390,47.58402
2391,47.670418
2392,47.180717
2393,22.773338
2394,24.41068
2395,21.069267
2396,19.73272
2397,16.839989
2398,46.965187
2399,46.90878
2400,46.872368
2401,39.081783
2402,36.987633
2403,36.987633
2404,36.49274
2405,32.687584
2406,38.605953
2407,39.62727
2408,39.189987
2409,47.010998
2410,46.06379
2411,27.654612
2412,17.704268
2413,22.134262
2414,17.37662
2415,17.37662
2416,12.357359
2417,39.451603
2418,47.09315
2419,46.566895
2420,21.92191
2421,22.142345
2422,46.998413
2423,46.051205
2424,17.528519
2425,17.593756
2426,18.399727
2427,18.399727
2428,17.266108
2429,17.266108
2430,13.563302
2431,12.246852
2432,40.73873
2433,47.043667
2434,46.633816
2435,27.60971
2436,17.601212
2437,22.292908
2438,22.191067
2439,17.272905
2440,16.742771
2441,40.24822
2442,47.080593
2443,47.050007
2444,46.106495
2445,44.0085
2446,17.600643
2447,21.672499
2448,21.578033
2449,17.217012
2450,16.686878
2451,22.072609
2452,47.27947
2453,36.212963
2454,22.798775
2455,24.341648
2456,16.865421
2457,39.497383
2458,37.394184
2459,46.898705
2460,45.47925
2461,39.081783
2462,36.987633
2463,36.987633
2464,34.12333
2465,32.687584
2466,38.605953
2467,39.62727
2468,39.189987
2469,47.07759
2470,47.07759
2471,46.66774
2472,46.13408
2473,27.694561
2474,17.642918
2475,17.708155
2476,22.13815
2477,17.380507
2478,17.380507
2479,13.677695
2480,12.361245
2481,40.858505
2482,39.45549
2483,47.855904
2484,47.878635
2485,47.49301
2486,46.945953
2487,28.00347
2488,28.068708
2489,32.30657
2490,28.533375
2491,27.399912
2492,27.399912
2493,22.712404
2494,41.926067
2495,40.52815
2496,47.132572
2497,47.019863
2498,47.019863
2499,46.07635
2500,43.978355
2501,21.925797
2502,17.269995
2503,17.269995
2504,12.250738
2505,22.146233
2506,39.339603
2507,47.160263
2508,47.047554
2509,46.637703
2510,44.006046
2511,17.539862
2512,22.296795
2513,18.414442
2514,17.276793
2515,17.276793
2516,16.746658
2517,36.219864
2518,38.279724
2519,17.60453
2520,21.676386
2521,18.357796
2522,17.2209
2523,13.533874
2524,12.220953
2525,22.076496
2526,35.76003
2527,39.06817
2528,47.686928
2529,47.660618
2530,47.27947
2531,22.818356
2532,24.436113
2533,21.094704
2534,16.865421
2535,37.394184
2536,46.56783
2537,46.924595
2538,46.835472
2539,43.01166
2540,37.75668
2541,36.987633
2542,36.49274
2543,39.62727
2544,47.877666
2545,47.95979
2546,47.869072
2547,46.93737
2548,32.430054
2549,22.854197
2550,21.67619
2551,20.9869
2552,17.70654
2553,25.512064
2554,42.601185
2555,41.238884
2556,47.466297
2557,47.552696
2558,47.46198
2559,47.086285
2560,45.11855
2561,33.73669
2562,23.506535
2563,23.542858
2564,26.054405
2565,20.725384
2566,20.466167
2567,38.516277
2568,47.150536
2569,44.8071
2570,22.661684
2571,24.307495
2572,21.17154
2573,19.729109
2574,18.276812
2575,47.709087
2576,31.898264
2577,20.819595
2578,17.162834
2579,42.282967
2580,40.93024
2581,47.657784
2582,47.64919
2583,47.2448
2584,46.71749
2585,44.819218
2586,20.895163
2587,25.695036
2588,21.930943
2589,21.930943
2590,20.791714
2591,41.827034
2592,39.90494
2593,45.44008
2594,45.238598
2595,43.712315
2596,25.244902
2597,26.657438
2598,26.568842
2599,24.219624
2600,24.219624
2601,23.337126
2602,19.935581
2603,38.92624
2604,47.36903
2605,46.437332
2606,44.539036
2607,20.367943
2608,24.963074
2609,21.465864
2610,20.335835
2611,20.335835
2612,16.628803
2613,37.548664
2614,40.34699
2615,40.34699
2616,47.29071
2617,44.447685
2618,31.412798
2619,20.252895
2620,20.318134
2621,24.477406
2622,21.298113
2623,20.164803
2624,20.164803
2625,19.630417
2626,36.942055
2627,47.514496
2628,47.5059
2629,46.57087
2630,31.210695
2631,25.127106
2632,20.494951
2633,20.494951
2634,19.960562
2635,37.70157
2636,41.875782
2637,40.499897
2638,40.499897
2639,47.381256
2640,47.46338
2641,46.96827
2642,31.037222
2643,20.42374
2644,21.455116
2645,20.321482
2646,20.321482
2647,19.787092
2648,15.182475
2649,40.328995
2650,47.088
2651,47.083683
2652,47.083683
2653,46.70799
2654,32.815647
2655,22.478237
2656,19.65051
2657,19.546198
2658,26.944864
2659,39.9588
2660,37.88273
2661,47.528248
2662,47.613277
2663,47.118168
2664,46.589367
2665,31.274595
2666,20.535038
2667,25.02833
2668,21.631649
2669,21.631649
2670,24.727688
2671,41.883728
2672,40.507843
2673,21.06199
2674,19.725443
2675,19.625387
2676,27.116476
2677,37.378143
2678,37.378143
2679,46.965694
2680,46.624554
2681,45.44947
2682,42.985165
2683,38.987305
2684,36.512646
2685,36.49274
2686,47.11636
2687,47.011505
2688,46.064297
2689,43.96412
2690,27.654612
2691,17.63903
2692,17.37662
2693,12.357359
2694,36.68836
2695,40.862564
2696,39.45955
2697,47.04066
2698,46.935806
2699,45.988598
2700,17.528519
2701,17.593756
2702,18.399727
2703,18.399727
2704,39.343662
2705,39.343662
2706,47.829506
2707,44.872646
2708,28.064821
2709,32.549564
2710,28.529488
2711,28.529488
2712,27.396025
2713,26.7337
2714,22.708517
2715,40.532207
2716,47.02661
2717,46.613064
2718,27.606205
2719,17.601212
2720,22.292908
2721,17.272905
2722,17.272905
2723,16.742771
2724,13.5701
2725,22.135857
2726,36.223923
2727,47.063538
2728,47.03295
2729,43.987747
2730,21.578033
2731,17.217012
2732,13.529987
2733,22.08055
2734,36.96902
2735,47.68925
2736,47.77565
2737,47.66294
2738,47.66294
2739,46.759354
2740,36.212963
2741,22.798775
2742,21.094704
2743,21.094704
2744,19.758152
2745,18.120852
2746,16.865421
2747,37.40213
2748,46.99015
2749,46.652706
2750,45.481575
2751,43.013588
2752,37.7371
2753,39.081783
2754,36.987633
2755,34.12333
2756,32.687584
2757,47.188736
2758,47.076027
2759,46.666176
2760,22.134262
2761,17.37662
2762,16.846485
2763,13.673809
2764,22.23167
2765,39.425045
2766,39.425045
2767,47.0348
2768,47.116924
2769,47.004215
2770,43.964478
2771,17.532406
2772,22.027637
2773,21.925797
2774,17.269995
2775,22.119663
2776,36.541855
2777,40.71606
2778,39.313046
2779,47.052773
2780,47.022186
2781,47.022186
2782,46.612335
2783,43.98068
2784,27.58405
2785,17.532406
2786,22.027637
2787,18.403614
2788,16.73986
2789,12.250738
2790,22.119663
2791,36.541855
2792,40.71606
2793,39.313046
2794,39.313046
2795,47.162586
2796,46.106365
2797,17.605099
2798,22.296795
2799,22.194954
2800,18.414442
2801,17.276793
2802,17.276793
2803,16.746658
2804,22.105234
2805,38.253166
2806,47.086803
2807,47.168926
2808,47.056217
2809,27.619938
2810,17.60453
2811,21.58192
2812,17.2209
2813,16.690765
2814,22.049927
2815,39.019287
2816,36.91608
2817,45.19016
2818,24.436113
2819,24.341648
2820,19.758152
2821,16.865421
2822,27.11468
2823,39.4485
2824,37.345303
2825,46.570152
2826,46.87051
2827,46.87051
2828,46.837795
2829,43.01166
2830,39.081783
2831,36.987633
2832,36.512646
2833,36.49274
2834,34.12333
2835,32.687584
2836,39.141106
2837,47.1105
2838,46.136402
2839,17.642918
2840,22.13815
2841,22.036308
2842,18.514126
2843,17.380507
2844,17.380507
2845,13.677695
2846,36.651024
2847,39.40661
2848,47.0348
2849,47.004215
2850,47.004215
2851,46.594364
2852,46.060703
2853,43.964478
2854,18.403614
2855,17.269995
2856,40.693737
2857,39.29072
2858,39.29072
2859,47.134895
2860,27.58405
2861,17.532406
2862,17.597643
2863,21.925797
2864,17.269995
2865,12.250738
2866,22.119663
2867,36.535137
2868,40.693737
2869,39.29072
2870,22.40579
2871,21.233023
2872,21.233023
2873,20.54373
2874,17.263376
2875,39.753197
2876,45.83582
2877,46.045353
2878,45.988945
2879,45.988945
2880,31.260618
2881,26.71033
2882,25.80902
2883,25.80902
2884,25.287775
2885,24.72178
2886,22.631594
2887,39.82344
2888,37.755165
2889,46.111923
2890,46.055515
2891,44.195847
2892,31.217834
2893,26.419487
2894,27.778254
2895,25.445152
2896,25.445152
2897,24.557486
2898,29.465677
2899,38.26696
2900,37.83723
2901,47.96194
2902,47.859913
2903,20.766148
2904,25.216904
2905,25.116522
2906,20.66623
2907,20.66623
2908,24.912
2909,42.16539
2910,40.785534
2911,47.637943
2912,46.70571
2913,30.419628
2914,20.461817
2915,24.53955
2916,21.506756
2917,24.545866
2918,37.21218
2919,38.454704
2920,47.469246
2921,47.469246
2922,46.53701
2923,24.538342
2924,21.128546
2925,21.128546
2926,19.464123
2927,16.29147
2928,14.991691
2929,40.027092
2930,47.614254
2931,47.59435
2932,20.25535
2933,20.32059
2934,21.353275
2935,21.353275
2936,20.223242
2937,15.216426
2938,41.508022
2939,40.105007
2940,47.327854
2941,46.935997
2942,46.41991
2943,22.372742
2944,23.990501
2945,23.896036
2946,17.908363
2947,26.715942
2948,39.70254
2949,37.59934
2950,37.59934
2951,47.596756
2952,44.642624
2953,29.78479
2954,20.311148
2955,24.753633
2956,21.342524
2957,20.208889
2958,20.208889
2959,24.311502
2960,41.482082
2961,40.079067
2962,47.637543
2963,47.719666
2964,29.811224
2965,20.253368
2966,20.318604
2967,25.022789
2968,24.92095
2969,21.353352
2970,20.215687
2971,24.305014
2972,45.970512
2973,46.12364
2974,45.786922
2975,30.838213
2976,22.306747
2977,20.755495
2978,37.439453
2979,24.654858
2980,21.34559
2981,20.208889
2982,20.208889
2983,16.501858
2984,15.069887
2985,41.49003
2986,46.958538
2987,46.935806
2988,46.52226
2989,43.88842
2990,17.528519
2991,17.593756
2992,22.036236
2993,21.934395
2994,18.399727
2995,13.563302
2996,22.115776
2997,40.698578
2998,39.295563
2999,47.05863
3000,46.953777
3001,46.00657
3002,22.036236
3003,18.399727
3004,16.735973
3005,12.246852
3006,39.295563
3007,39.295563
3008,46.03426
3009,43.932312
3010,18.410555
3011,18.410555
3012,22.101347
3013,36.1827
3014,40.199337
3015,38.226955
3016,46.980896
3017,27.57308
3018,21.672499
3019,18.353909
3020,16.686878
3021,12.217067
3022,22.04604
3023,36.912193
3024,47.584526
3025,36.144554
3026,21.069267
3027,21.069267
3028,19.73272
3029,19.632664
3030,18.095415
3031,37.319866
3032,46.64872
3033,46.98893
3034,46.93252
3035,46.93252
3036,43.012352
3037,37.75668
3038,39.081783
3039,36.987633
3040,36.987633
3041,36.49274
3042,32.687584
3043,38.579395
3044,39.593994
3045,39.141106
3046,47.087234
3047,47.169357
3048,44.013214
3049,17.63903
3050,22.134262
3051,18.510239
3052,18.510239
3053,17.37662
3054,16.846485
3055,13.673809
3056,40.805737
3057,47.030914
3058,47.113037
3059,47.000328
3060,47.000328
3061,17.593756
3062,21.92191
3063,18.399727
3064,17.266108
3065,17.266108
3066,16.735973
3067,12.246852
3068,40.68985
3069,39.286835
3070,47.13101
3071,47.0183
3072,46.608448
3073,46.074787
3074,27.580162
3075,22.02375
3076,21.92191
3077,18.399727
3078,18.399727
3079,17.266108
3080,12.246852
3081,36.53125
3082,40.68985
3083,39.286835
3084,47.1587
3085,47.04599
3086,46.63614
3087,27.60971
3088,17.601212
3089,22.292908
3090,22.191067
3091,17.272905
3092,17.272905
3093,16.742771
3094,36.1827
3095,38.226955
3096,47.168926
3097,46.112705
3098,27.619938
3099,21.676386
3100,21.58192
3101,18.357796
3102,18.357796
3103,17.2209
3104,13.533874
3105,35.726753
3106,36.91608
3107,47.68925
3108,46.759354
3109,45.19016
3110,24.341648
3111,21.094704
3112,21.094704
3113,19.658096
3114,27.11468
3115,37.345303
3116,46.864815
3117,46.8321
3118,43.005966
3119,37.75668
3120,39.081783
3121,38.987305
3122,36.987633
3123,36.512646
3124,36.49274
3125,32.687584
3126,41.232536
3127,39.141106
3128,39.141106
3129,47.1105
3130,47.192623
3131,47.079914
3132,46.136402
3133,27.694561
3134,17.642918
3135,17.708155
3136,22.13815
3137,22.036308
3138,16.850372
3139,12.361245
3140,47.004215
3141,21.925797
3142,18.403614
3143,16.73986
3144,13.567188
3145,12.250738
3146,47.052773
3147,47.134895
3148,46.078674
3149,43.98068
3150,17.532406
3151,13.567188
3152,36.535137
3153,40.693737
3154,47.162586
3155,46.640026
3156,17.539862
3157,22.194954
3158,18.414442
3159,17.276793
3160,16.746658
3161,47.086803
3162,44.01471
3163,27.619938
3164,17.539293
3165,21.676386
3166,18.357796
3167,18.357796
3168,17.2209
3169,12.220953
3170,22.049927
3171,36.91608
3172,47.44235
3173,47.44235
3174,47.031483
3175,20.061464
3176,20.147738
3177,21.05359
3178,21.05359
3179,19.881577
3180,19.196545
3181,15.93197
3182,14.691792
3183,36.840824
3184,38.058895
3185,38.058895
3186,47.518948
3187,47.496216
3188,47.085354
3189,46.55502
3190,44.537365
3191,20.15043
3192,20.245024
3193,21.203585
3194,20.043148
3195,16.077759
3196,40.355232
3197,47.420223
3198,47.502346
3199,47.39749
3200,47.39749
3201,44.438637
3202,29.75424
3203,19.519955
3204,18.808277
3205,15.720588
3206,14.561015
3207,37.399174
3208,41.587803
3209,40.20794
3210,47.56259
3211,47.457737
3212,47.457737
3213,46.51653
3214,44.49711
3215,19.610338
3216,24.222416
3217,18.829891
3218,37.065445
3219,39.162888
3220,39.162888
3221,47.131718
3222,47.026863
3223,47.026863
3224,23.096045
3225,23.00304
3226,19.807636
3227,16.91717
3228,37.585003
3229,37.34292
3230,37.34292
3231,47.269108
3232,47.164253
3233,47.164253
3234,46.22305
3235,23.483032
3236,19.92637
3237,18.796345
3238,18.796345
3239,13.897456
3240,23.380415
3241,40.978172
3242,47.401894
3243,47.37916
3244,29.604296
3245,19.288773
3246,19.354012
3247,24.058197
3248,23.962225
3249,20.243204
3250,19.109148
3251,19.109148
3252,23.614506
3253,36.63021
3254,38.674465
3255,38.674465
3256,46.34672
3257,46.013332
3258,26.471663
3259,27.702322
3260,24.9789
3261,21.196245
3262,38.045177
3263,39.683727
3264,37.59229
3265,47.367775
3266,47.345043
3267,23.77339
3268,23.67155
3269,20.215418
3270,19.08179
3271,41.10521
3272,39.702194
3273,47.29407
3274,46.349545
3275,19.262314
3276,23.334171
3277,20.094116
3278,15.270206
3279,23.458208
3280,37.507908
3281,47.42601
3282,47.508133
3283,46.458748
3284,29.210518
3285,23.883902
3286,20.32593
3287,20.32593
3288,19.192303
3289,19.192303
3290,15.489511
3291,14.161225
3292,37.07045
3293,41.229042
3294,39.826027
3295,39.826027
3296,47.361702
3297,47.361702
3298,44.340492
3299,23.776457
3300,20.218485
3301,18.551651
3302,47.102474
3303,46.99762
3304,46.99762
3305,46.584072
3306,27.63755
3307,17.53904
3308,18.41362
3309,18.41362
3310,17.272905
3311,13.5701
3312,22.101347
3313,38.235683
3314,47.016872
3315,47.101902
3316,46.051678
3317,43.958843
3318,27.636982
3319,17.538471
3320,17.603708
3321,21.711163
3322,21.616697
3323,18.356974
3324,18.356974
3325,16.686878
3326,12.217067
3327,22.04604
3328,35.731594
3329,39.024128
3330,47.582222
3331,46.676777
3332,22.795984
3333,24.449345
3334,46.660667
3335,46.927303
3336,46.890892
3337,46.64441
3338,43.039955
3339,36.990696
3340,36.512646
3341,36.49274
3342,34.12333
3343,38.579395
3344,39.141106
3345,39.141106
3346,47.027657
3347,47.027657
3348,46.082287
3349,43.991222
3350,27.718513
3351,17.642096
3352,18.513304
3353,16.846485
3354,13.673809
3355,22.23167
3356,36.647137
3357,40.805737
3358,47.02478
3359,47.10981
3360,27.640558
3361,22.026815
3362,21.924974
3363,17.266108
3364,13.563302
3365,22.115776
3366,39.286835
3367,47.01507
3368,43.98082
3369,27.640558
3370,17.266108
3371,36.53125
3372,39.286835
3373,47.09551
3374,47.18054
3375,47.06783
3376,46.126156
3377,27.6793
3378,17.53904
3379,17.604277
3380,22.194132
3381,18.41362
3382,18.41362
3383,17.272905
3384,12.25365
3385,22.101347
3386,36.1827
3387,46.132496
3388,27.68564
3389,21.711163
3390,13.529987
3391,22.04604
3392,36.912193
3393,47.708183
3394,47.79749
3395,47.30363
3396,45.228703
3397,22.82142
3398,24.474777
3399,21.097769
3400,19.758152
3401,19.758152
3402,18.120852
3403,16.865421
3404,37.345303
3405,46.65681
3406,46.95176
3407,46.919044
3408,46.687428
3409,45.516296
3410,37.74016
3411,37.759743
3412,39.12045
3413,36.990696
3414,32.687584
3415,47.101753
3416,44.087833
3417,17.71122
3418,22.141214
3419,18.51719
3420,17.380507
3421,13.677695
3422,12.361245
3423,36.651024
3424,47.89711
3425,47.89711
3426,47.511486
3427,44.975487
3428,28.006535
3429,28.071774
3430,32.30963
3431,28.53644
3432,27.399912
3433,22.712404
3434,21.37826
3435,30.893341
3436,41.877186
3437,47.883335
3438,48.01485
3439,47.52335
3440,46.992996
3441,28.071774
3442,27.399912
3443,26.737587
3444,22.712404
3445,21.37826
3446,30.893341
3447,40.479267
3448,47.184425
3449,47.071716
3450,47.071716
3451,46.661865
3452,44.056026
3453,27.698051
3454,22.198019
3455,18.417507
3456,17.276793
3457,16.746658
3458,12.257536
3459,40.203224
3460,47.190765
3461,47.078056
3462,46.668205
3463,46.15125
3464,17.542358
3465,17.607595
3466,18.36086
3467,17.2209
3468,13.533874
3469,36.91608
3470,47.30363
3471,36.288307
3472,24.474777
3473,21.097769
3474,19.758152
3475,19.758152
3476,27.11468
3477,39.4485
3478,37.345303
3479,46.585262
3480,46.944935
3481,46.888527
3482,46.855812
3483,46.624195
3484,45.453064
3485,43.081318
3486,37.759743
3487,36.512646
3488,36.49274
3489,34.12333
3490,32.687584
3491,39.593994
3492,39.141106
3493,47.129433
3494,46.174946
3495,44.087833
3496,22.039373
3497,18.51719
3498,17.380507
3499,13.677695
3500,22.235558
3501,40.809624
3502,39.40661
3503,39.40661
